{"stats":{"minecraft:picked_up":{"minecraft:crafting_table":10,"minecraft:wheat":20,"minecraft:water_bucket":1,"minecraft:andesite":2,"minecraft:lead":6,"minecraft:wooden_pickaxe":11,"minecraft:oak_log":187,"minecraft:shield":11,"minecraft:string":93,"minecraft:oak_trapdoor":4,"minecraft:dirt":340,"minecraft:glass":911,"minecraft:bone":52,"minecraft:acacia_planks":131,"minecraft:oak_sign":19,"minecraft:cobbled_deepslate":3,"minecraft:wheat_seeds":152,"minecraft:acacia_trapdoor":8,"minecraft:bucket":2,"minecraft:bell":6,"minecraft:iron_ingot":15,"minecraft:stone_pickaxe":10,"minecraft:oak_boat":7,"minecraft:cobblestone_slab":367,"minecraft:minecart":2,"minecraft:sugar_cane":21,"minecraft:chest":7,"minecraft:stone_hoe":2,"minecraft:oak_planks":21,"minecraft:iron_boots":7,"minecraft:oak_slab":13,"minecraft:stick":80,"minecraft:raw_iron":77,"minecraft:sandstone":9,"minecraft:composter":30,"minecraft:torch":1,"minecraft:sand":313,"minecraft:diorite":11,"minecraft:cyan_bed":4,"minecraft:spider_eye":5,"minecraft:diamond":2,"minecraft:arrow":36,"minecraft:cactus":27,"minecraft:rotten_flesh":6,"minecraft:stone_shovel":2,"minecraft:stone_axe":10,"minecraft:beetroot_seeds":36,"minecraft:granite":4,"minecraft:bread":21,"minecraft:coal":12,"minecraft:rail":552,"minecraft:cobblestone":196},"minecraft:broken":{"minecraft:stone_pickaxe":1,"minecraft:stone_shovel":2},"minecraft:used":{"minecraft:oak_trapdoor":40,"minecraft:wheat_seeds":38,"minecraft:water_bucket":21,"minecraft:diorite":8,"minecraft:acacia_trapdoor":2,"minecraft:stone_shovel":260,"minecraft:stone_pickaxe":252,"minecraft:oak_planks":27,"minecraft:oak_sign":10,"minecraft:wooden_pickaxe":35,"minecraft:shield":15,"minecraft:sandstone":9,"minecraft:composter":4,"minecraft:cobblestone_slab":132,"minecraft:stone_hoe":92,"minecraft:torch":1,"minecraft:dirt":335,"minecraft:sand":87,"minecraft:rail":42,"minecraft:oak_slab":5,"minecraft:crafting_table":6,"minecraft:white_bed":3,"minecraft:granite":2,"minecraft:glass":652,"minecraft:bread":3,"minecraft:cyan_bed":4,"minecraft:iron_pickaxe":7,"minecraft:iron_boots":1,"minecraft:stone_axe":63,"minecraft:cobblestone":56,"minecraft:furnace":2,"minecraft:minecart":2,"minecraft:andesite":2,"minecraft:bucket":20,"minecraft:oak_boat":6,"minecraft:acacia_planks":9,"minecraft:bone_meal":21},"minecraft:mined":{"minecraft:oak_slab":2,"minecraft:deepslate_diamond_ore":2,"minecraft:melon_stem":1,"minecraft:crafting_table":5,"minecraft:granite":2,"minecraft:chest":1,"minecraft:dead_bush":28,"minecraft:glass":79,"minecraft:cobblestone":17,"minecraft:cyan_bed":4,"minecraft:oak_planks":4,"minecraft:sugar_cane":4,"minecraft:composter":5,"minecraft:sandstone":9,"minecraft:diorite":11,"minecraft:oak_wall_sign":1,"minecraft:wall_torch":1,"minecraft:cactus":1,"minecraft:iron_ore":23,"minecraft:wheat":24,"minecraft:andesite":2,"minecraft:deepslate_iron_ore":4,"minecraft:bell":1,"minecraft:cobblestone_slab":13,"minecraft:oak_log":5,"minecraft:coal_ore":2,"minecraft:beetroots":6,"minecraft:oak_sign":2,"minecraft:rail":107,"minecraft:sand":313,"minecraft:dirt":13,"minecraft:acacia_planks":1,"minecraft:stone":65,"minecraft:deepslate":1},"minecraft:dropped":{"minecraft:wheat":8,"minecraft:stick":1,"minecraft:cobblestone_slab":1,"minecraft:sand":87,"minecraft:bucket":2},"minecraft:crafted":{"minecraft:oak_planks":240,"minecraft:oak_slab":48,"minecraft:oak_sign":15,"minecraft:stone_shovel":2,"minecraft:crafting_table":3,"minecraft:wooden_pickaxe":2,"minecraft:furnace":2,"minecraft:bone_meal":21,"minecraft:bucket":1,"minecraft:stone_axe":2,"minecraft:air":0,"minecraft:oak_trapdoor":42,"minecraft:oak_boat":1,"minecraft:glass":108,"minecraft:stick":16,"minecraft:iron_pickaxe":1,"minecraft:iron_ingot":15,"minecraft:stone_pickaxe":2,"minecraft:composter":6,"minecraft:stone_hoe":1,"minecraft:minecart":1},"minecraft:custom":{"minecraft:interact_with_furnace":53,"minecraft:mob_kills":15,"minecraft:interact_with_crafting_table":30,"minecraft:leave_game":4,"minecraft:time_since_death":5731,"minecraft:sleep_in_bed":14,"minecraft:time_since_rest":5764,"minecraft:damage_taken":3401,"minecraft:sprint_one_cm":245776,"minecraft:walk_one_cm":597043,"minecraft:damage_blocked_by_shield":570,"minecraft:drop":8,"minecraft:damage_dealt":3554,"minecraft:talked_to_villager":5,"minecraft:fly_one_cm":311795,"minecraft:player_kills":2,"minecraft:open_chest":7,"minecraft:play_time":158078,"minecraft:crouch_one_cm":31057,"minecraft:sneak_time":7870,"minecraft:deaths":13,"minecraft:walk_under_water_one_cm":3045,"minecraft:boat_one_cm":10044,"minecraft:jump":1847,"minecraft:walk_on_water_one_cm":5933,"minecraft:total_world_time":158078,"minecraft:fall_one_cm":50459},"minecraft:killed_by":{"minecraft:player":1,"minecraft:cave_spider":6,"minecraft:creeper":1,"minecraft:spider":1,"minecraft:trader_llama":1},"minecraft:killed":{"minecraft:cave_spider":7,"minecraft:spider":1,"minecraft:skeleton":6,"minecraft:zombie":1}},"DataVersion":2975}