{"stats":{"minecraft:broken":{"minecraft:stone_hoe":1,"minecraft:stone_pickaxe":1,"minecraft:stone_axe":1,"minecraft:stone_shovel":2},"minecraft:killed":{"minecraft:cave_spider":7,"minecraft:spider":1,"minecraft:skeleton":7,"minecraft:chicken":1,"minecraft:husk":1,"minecraft:sheep":2,"minecraft:donkey":2,"minecraft:zombie":1,"minecraft:cow":40},"minecraft:custom":{"minecraft:mob_kills":62,"minecraft:interact_with_crafting_table":40,"minecraft:leave_game":7,"minecraft:time_since_death":65393,"minecraft:sprint_one_cm":475385,"minecraft:walk_one_cm":694428,"minecraft:damage_blocked_by_shield":620,"minecraft:drop":24,"minecraft:talked_to_villager":6,"minecraft:play_time":217740,"minecraft:deaths":13,"minecraft:sneak_time":8269,"minecraft:walk_under_water_one_cm":4746,"minecraft:boat_one_cm":10548,"minecraft:jump":3404,"minecraft:walk_on_water_one_cm":11104,"minecraft:total_world_time":217740,"minecraft:interact_with_furnace":62,"minecraft:sleep_in_bed":17,"minecraft:time_since_rest":7289,"minecraft:damage_taken":3696,"minecraft:damage_dealt":8774,"minecraft:swim_one_cm":19218,"minecraft:fly_one_cm":698905,"minecraft:player_kills":2,"minecraft:open_chest":22,"minecraft:crouch_one_cm":32336,"minecraft:fall_one_cm":86901},"minecraft:killed_by":{"minecraft:player":1,"minecraft:creeper":1,"minecraft:spider":1,"minecraft:trader_llama":1,"minecraft:cave_spider":6},"minecraft:used":{"minecraft:oak_trapdoor":40,"minecraft:stone_shovel":260,"minecraft:oak_sign":10,"minecraft:shield":17,"minecraft:stone_hoe":143,"minecraft:torch":2,"minecraft:dirt":335,"minecraft:granite":2,"minecraft:glass":660,"minecraft:iron_axe":27,"minecraft:iron_boots":1,"minecraft:furnace":2,"minecraft:minecart":2,"minecraft:acacia_planks":9,"minecraft:wheat_seeds":38,"minecraft:water_bucket":22,"minecraft:diorite":8,"minecraft:acacia_trapdoor":2,"minecraft:powered_rail":1,"minecraft:stone_pickaxe":253,"minecraft:oak_planks":27,"minecraft:wooden_pickaxe":35,"minecraft:sandstone":9,"minecraft:composter":4,"minecraft:cobblestone_slab":155,"minecraft:sugar_cane":13,"minecraft:white_wool":1,"minecraft:sand":92,"minecraft:rail":79,"minecraft:oak_slab":5,"minecraft:crafting_table":7,"minecraft:white_bed":6,"minecraft:lever":1,"minecraft:bread":17,"minecraft:cyan_bed":4,"minecraft:iron_pickaxe":45,"minecraft:stone_axe":109,"minecraft:fire_charge":1,"minecraft:cobblestone":62,"minecraft:andesite":2,"minecraft:bucket":22,"minecraft:oak_boat":6,"minecraft:bone_meal":21},"minecraft:dropped":{"minecraft:wheat_seeds":63,"minecraft:rail":6,"minecraft:stick":1,"minecraft:sand":87,"minecraft:white_wool":1,"minecraft:bucket":2,"minecraft:wheat":8,"minecraft:cobblestone_slab":1,"minecraft:acacia_sapling":1},"minecraft:picked_up":{"minecraft:crafting_table":11,"minecraft:wheat":33,"minecraft:chicken":1,"minecraft:wooden_pickaxe":11,"minecraft:lead":6,"minecraft:shield":11,"minecraft:oak_trapdoor":4,"minecraft:string":93,"minecraft:oak_sign":19,"minecraft:cobbled_deepslate":3,"minecraft:bucket":2,"minecraft:beef":83,"minecraft:oak_boat":8,"minecraft:cobblestone_slab":376,"minecraft:minecart":2,"minecraft:chest":7,"minecraft:sugar_cane":87,"minecraft:iron_boots":7,"minecraft:egg":1,"minecraft:stick":86,"minecraft:raw_iron":77,"minecraft:sandstone":9,"minecraft:composter":30,"minecraft:torch":3,"minecraft:diorite":11,"minecraft:rotten_flesh":6,"minecraft:stone_shovel":2,"minecraft:arrow":36,"minecraft:cactus":27,"minecraft:beetroot_seeds":36,"minecraft:hay_block":59,"minecraft:mutton":4,"minecraft:rail":581,"minecraft:white_wool":4,"minecraft:cobblestone":202,"minecraft:water_bucket":1,"minecraft:andesite":2,"minecraft:leather":32,"minecraft:oak_log":187,"minecraft:dirt":340,"minecraft:glass":911,"minecraft:bone":52,"minecraft:acacia_planks":131,"minecraft:wheat_seeds":215,"minecraft:acacia_trapdoor":8,"minecraft:bell":6,"minecraft:stone_pickaxe":10,"minecraft:iron_ingot":15,"minecraft:powered_rail":1,"minecraft:oak_planks":21,"minecraft:stone_hoe":2,"minecraft:oak_slab":13,"minecraft:sand":335,"minecraft:white_bed":3,"minecraft:cyan_bed":4,"minecraft:spider_eye":5,"minecraft:diamond":2,"minecraft:stone_axe":10,"minecraft:lever":1,"minecraft:granite":4,"minecraft:bone_meal":1,"minecraft:bread":21,"minecraft:coal":12},"minecraft:crafted":{"minecraft:oak_planks":240,"minecraft:stone_shovel":2,"minecraft:oak_sign":15,"minecraft:furnace":2,"minecraft:bone_meal":21,"minecraft:bookshelf":1,"minecraft:oak_trapdoor":42,"minecraft:glass":108,"minecraft:iron_axe":2,"minecraft:stone_pickaxe":2,"minecraft:stone_hoe":1,"minecraft:minecart":1,"minecraft:oak_slab":54,"minecraft:crafting_table":3,"minecraft:wooden_pickaxe":2,"minecraft:bucket":2,"minecraft:stone_axe":2,"minecraft:air":0,"minecraft:oak_boat":1,"minecraft:lectern":1,"minecraft:book":5,"minecraft:paper":15,"minecraft:stick":16,"minecraft:iron_pickaxe":1,"minecraft:iron_ingot":27,"minecraft:composter":6},"minecraft:mined":{"minecraft:white_bed":3,"minecraft:deepslate_diamond_ore":2,"minecraft:lever":1,"minecraft:granite":2,"minecraft:composter":5,"minecraft:oak_wall_sign":1,"minecraft:sandstone":9,"minecraft:hay_block":65,"minecraft:iron_ore":23,"minecraft:fire":1,"minecraft:andesite":2,"minecraft:bell":1,"minecraft:oak_sign":2,"minecraft:deepslate_iron_ore":4,"minecraft:cobblestone_slab":18,"minecraft:dirt_path":1,"minecraft:rail":135,"minecraft:stone":66,"minecraft:white_wool":1,"minecraft:oak_slab":2,"minecraft:melon_stem":1,"minecraft:crafting_table":6,"minecraft:torch":1,"minecraft:chest":1,"minecraft:dead_bush":35,"minecraft:glass":82,"minecraft:tall_grass":15,"minecraft:cobblestone":22,"minecraft:cyan_bed":4,"minecraft:sugar_cane":36,"minecraft:oak_planks":4,"minecraft:diorite":11,"minecraft:wall_torch":1,"minecraft:cactus":1,"minecraft:powered_rail":1,"minecraft:wheat":38,"minecraft:grass":144,"minecraft:oak_log":5,"minecraft:coal_ore":2,"minecraft:beetroots":6,"minecraft:sand":336,"minecraft:dirt":13,"minecraft:acacia_planks":1,"minecraft:deepslate":1}},"DataVersion":2975}