{"stats":{"minecraft:custom":{"minecraft:time_since_rest":2307,"minecraft:crouch_one_cm":1683,"minecraft:play_time":4242,"minecraft:sprint_one_cm":21448,"minecraft:damage_taken":70,"minecraft:walk_one_cm":11897,"minecraft:sneak_time":346,"minecraft:jump":76,"minecraft:leave_game":1,"minecraft:time_since_death":4242,"minecraft:sleep_in_bed":1,"minecraft:total_world_time":4242,"minecraft:interact_with_crafting_table":4,"minecraft:fall_one_cm":4293,"minecraft:fly_one_cm":21648},"minecraft:used":{"minecraft:stone_axe":1,"minecraft:crafting_table":1,"minecraft:stone_pickaxe":11,"minecraft:wooden_pickaxe":11},"minecraft:picked_up":{"minecraft:crafting_table":1,"minecraft:wheat":2,"minecraft:acacia_planks":32,"minecraft:composter":2,"minecraft:beetroot_seeds":2,"minecraft:wheat_seeds":9,"minecraft:cyan_bed":1,"minecraft:cobblestone":22,"minecraft:iron_boots":1},"minecraft:crafted":{"minecraft:stone_axe":1,"minecraft:crafting_table":1,"minecraft:stick":8,"minecraft:stone_pickaxe":1,"minecraft:wooden_pickaxe":1},"minecraft:mined":{"minecraft:beetroots":2,"minecraft:dead_bush":1,"minecraft:wheat":5,"minecraft:stone":22,"minecraft:cyan_bed":1,"minecraft:composter":2,"minecraft:crafting_table":1}},"DataVersion":2975}