{"stats":{"minecraft:broken":{"minecraft:stone_pickaxe":1,"minecraft:stone_axe":1},"minecraft:killed":{"minecraft:husk":1,"minecraft:cave_spider":1,"minecraft:iron_golem":3,"minecraft:trader_llama":2,"minecraft:zombie":1},"minecraft:custom":{"minecraft:interact_with_furnace":86,"minecraft:mob_kills":8,"minecraft:interact_with_crafting_table":17,"minecraft:leave_game":4,"minecraft:time_since_death":208371,"minecraft:sleep_in_bed":13,"minecraft:time_since_rest":28120,"minecraft:damage_taken":939,"minecraft:sprint_one_cm":574614,"minecraft:walk_one_cm":326351,"minecraft:drop":53,"minecraft:damage_dealt":3940,"minecraft:swim_one_cm":47484,"minecraft:talked_to_villager":19,"minecraft:fly_one_cm":1601191,"minecraft:open_chest":71,"minecraft:crouch_one_cm":9559,"minecraft:play_time":208371,"minecraft:sneak_time":3194,"minecraft:walk_under_water_one_cm":26322,"minecraft:jump":6122,"minecraft:walk_on_water_one_cm":15063,"minecraft:total_world_time":208371,"minecraft:interact_with_smoker":2,"minecraft:fall_one_cm":167292},"minecraft:used":{"minecraft:wheat_seeds":2,"minecraft:water_bucket":53,"minecraft:diorite":3,"minecraft:red_sand":1,"minecraft:stone_pickaxe":131,"minecraft:poppy":1,"minecraft:oak_planks":2,"minecraft:chest":1,"minecraft:wooden_pickaxe":3,"minecraft:grass":1,"minecraft:green_bed":2,"minecraft:white_wool":3,"minecraft:golden_hoe":5,"minecraft:dirt":7,"minecraft:sand":29,"minecraft:lime_bed":7,"minecraft:crafting_table":9,"minecraft:white_bed":1,"minecraft:shears":7,"minecraft:glass":2,"minecraft:apple":3,"minecraft:lava_bucket":1,"minecraft:diamond_shovel":1002,"minecraft:iron_axe":1,"minecraft:bread":66,"minecraft:iron_pickaxe":65,"minecraft:gravel":2,"minecraft:stone_axe":88,"minecraft:cobblestone":12,"minecraft:andesite":2,"minecraft:bucket":58,"minecraft:egg":1,"minecraft:gray_wool":3},"minecraft:dropped":{"minecraft:water_bucket":1,"minecraft:wheat_seeds":20,"minecraft:wheat":2,"minecraft:cobblestone":4,"minecraft:rotten_flesh":2,"minecraft:iron_boots":1,"minecraft:diamond_shovel":1,"minecraft:leather":4,"minecraft:acacia_trapdoor":2,"minecraft:acacia_button":2,"minecraft:stick":4,"minecraft:poppy":3,"minecraft:dirt":328,"minecraft:cobblestone_slab":162,"minecraft:shield":2,"minecraft:melon_seeds":2,"minecraft:acacia_sapling":1,"minecraft:sand":3,"minecraft:glass":596,"minecraft:wooden_pickaxe":2,"minecraft:cactus":3,"minecraft:string":1,"minecraft:smooth_sandstone":1,"minecraft:acacia_planks":32},"minecraft:picked_up":{"minecraft:lime_bed":10,"minecraft:crafting_table":8,"minecraft:andesite":2,"minecraft:leather":4,"minecraft:wooden_pickaxe":1,"minecraft:oak_log":21,"minecraft:acacia_button":1,"minecraft:brewing_stand":1,"minecraft:dirt":336,"minecraft:string":1,"minecraft:smooth_sandstone":1,"minecraft:glass":128,"minecraft:cartography_table":1,"minecraft:wheat_seeds":22,"minecraft:red_sand":1,"minecraft:bucket":1,"minecraft:iron_ingot":14,"minecraft:grindstone":1,"minecraft:cobblestone_slab":1,"minecraft:poppy":4,"minecraft:minecart":1,"minecraft:melon_slice":27,"minecraft:oak_planks":16,"minecraft:acacia_sapling":3,"minecraft:furnace":6,"minecraft:egg":1,"minecraft:stick":14,"minecraft:raw_iron":17,"minecraft:green_bed":2,"minecraft:acacia_log":20,"minecraft:gravel":2,"minecraft:sand":785,"minecraft:diorite":3,"minecraft:cyan_bed":2,"minecraft:diamond_shovel":1,"minecraft:cactus":3,"minecraft:rotten_flesh":2,"minecraft:hay_block":25,"minecraft:grass":1,"minecraft:gray_wool":6,"minecraft:melon_seeds":2,"minecraft:coal":182,"minecraft:white_wool":22,"minecraft:cobblestone":110},"minecraft:crafted":{"minecraft:oak_planks":84,"minecraft:cobblestone_slab":162,"minecraft:crafting_table":2,"minecraft:wooden_pickaxe":1,"minecraft:acacia_trapdoor":2,"minecraft:bucket":1,"minecraft:diamond_shovel":1,"minecraft:acacia_button":1,"minecraft:stone_axe":1,"minecraft:bread":80,"minecraft:air":0,"minecraft:glass":596,"minecraft:shield":3,"minecraft:iron_axe":1,"minecraft:stick":8,"minecraft:iron_pickaxe":1,"minecraft:stone_pickaxe":1,"minecraft:chest":1,"minecraft:white_bed":7,"minecraft:acacia_planks":80,"minecraft:shears":1,"minecraft:gray_bed":1,"minecraft:wheat":225},"minecraft:mined":{"minecraft:brewing_stand":1,"minecraft:smooth_sandstone":1,"minecraft:crafting_table":8,"minecraft:red_sand":1,"minecraft:acacia_log":20,"minecraft:poppy":1,"minecraft:grass_block":216,"minecraft:melon":5,"minecraft:dead_bush":7,"minecraft:tall_grass":5,"minecraft:glass":1,"minecraft:cyan_bed":2,"minecraft:grindstone":1,"minecraft:oak_planks":12,"minecraft:cartography_table":1,"minecraft:diorite":3,"minecraft:hay_block":25,"minecraft:cactus":1,"minecraft:gray_wool":3,"minecraft:lime_bed":10,"minecraft:furnace":6,"minecraft:iron_ore":17,"minecraft:andesite":2,"minecraft:grass":191,"minecraft:coal_ore":53,"minecraft:cobblestone_slab":1,"minecraft:rail":1,"minecraft:sand":669,"minecraft:gravel":2,"minecraft:dirt":122,"minecraft:stone":111,"minecraft:white_wool":3,"minecraft:green_bed":2}},"DataVersion":2975}