{"stats":{"minecraft:custom":{"minecraft:time_since_rest":2307,"minecraft:sprint_one_cm":63412,"minecraft:damage_taken":20,"minecraft:walk_one_cm":21708,"minecraft:drop":6,"minecraft:interact_with_crafting_table":3,"minecraft:swim_one_cm":8117,"minecraft:fly_one_cm":163930,"minecraft:open_chest":7,"minecraft:crouch_one_cm":1342,"minecraft:play_time":14852,"minecraft:sneak_time":462,"minecraft:walk_under_water_one_cm":1039,"minecraft:jump":568,"minecraft:walk_on_water_one_cm":1853,"minecraft:time_since_death":14852,"minecraft:sleep_in_bed":1,"minecraft:total_world_time":14852,"minecraft:fall_one_cm":19088},"minecraft:used":{"minecraft:red_sand":1,"minecraft:apple":3,"minecraft:bread":3,"minecraft:stone_pickaxe":8,"minecraft:wooden_pickaxe":3,"minecraft:stone_axe":19,"minecraft:lime_bed":1,"minecraft:crafting_table":1},"minecraft:dropped":{"minecraft:acacia_sapling":1,"minecraft:iron_boots":1,"minecraft:wooden_pickaxe":1,"minecraft:acacia_planks":32,"minecraft:acacia_button":2},"minecraft:picked_up":{"minecraft:lime_bed":4,"minecraft:crafting_table":1,"minecraft:green_bed":1,"minecraft:acacia_log":19,"minecraft:wooden_pickaxe":1,"minecraft:acacia_button":1,"minecraft:cyan_bed":1,"minecraft:dirt":9,"minecraft:red_sand":1,"minecraft:wheat_seeds":2,"minecraft:hay_block":16,"minecraft:acacia_sapling":3,"minecraft:cobblestone":11},"minecraft:crafted":{"minecraft:crafting_table":1,"minecraft:stick":8,"minecraft:wooden_pickaxe":1,"minecraft:stone_pickaxe":1,"minecraft:acacia_planks":76,"minecraft:acacia_button":1,"minecraft:stone_axe":1},"minecraft:mined":{"minecraft:hay_block":16,"minecraft:lime_bed":4,"minecraft:crafting_table":1,"minecraft:red_sand":1,"minecraft:grass":5,"minecraft:acacia_log":19,"minecraft:grass_block":3,"minecraft:dirt":6,"minecraft:tall_grass":2,"minecraft:cyan_bed":1,"minecraft:stone":11,"minecraft:green_bed":1}},"DataVersion":2975}