{"stats":{"minecraft:broken":{"minecraft:golden_hoe":1,"minecraft:stone_pickaxe":1,"minecraft:iron_axe":1,"minecraft:stone_axe":1},"minecraft:used":{"minecraft:oak_trapdoor":9,"minecraft:red_sand":1,"minecraft:iron_shovel":262,"minecraft:poppy":1,"minecraft:chest":2,"minecraft:grass":1,"minecraft:torch":39,"minecraft:dirt":8,"minecraft:glass":123,"minecraft:lava_bucket":1,"minecraft:iron_axe":217,"minecraft:smooth_sandstone":11,"minecraft:minecart":3,"minecraft:egg":1,"minecraft:wheat_seeds":101,"minecraft:water_bucket":83,"minecraft:diorite":3,"minecraft:acacia_trapdoor":1,"minecraft:stone_pickaxe":131,"minecraft:oak_planks":5,"minecraft:wooden_pickaxe":3,"minecraft:cut_sandstone":22,"minecraft:composter":3,"minecraft:fletching_table":1,"minecraft:green_bed":2,"minecraft:white_wool":3,"minecraft:golden_hoe":31,"minecraft:sand":241,"minecraft:lime_bed":7,"minecraft:crafting_table":10,"minecraft:white_bed":9,"minecraft:shears":7,"minecraft:flower_pot":1,"minecraft:apple":3,"minecraft:diamond_shovel":1002,"minecraft:acacia_door":1,"minecraft:bread":107,"minecraft:iron_pickaxe":187,"minecraft:gravel":26,"minecraft:stone_axe":88,"minecraft:cobblestone":12,"minecraft:andesite":2,"minecraft:bucket":88,"minecraft:sandstone_slab":22,"minecraft:oak_boat":8,"minecraft:gray_wool":3,"minecraft:bone_meal":6},"minecraft:crafted":{"minecraft:oak_planks":372,"minecraft:cobblestone_slab":162,"minecraft:diamond_shovel":1,"minecraft:oak_trapdoor":4,"minecraft:glass":869,"minecraft:iron_axe":2,"minecraft:stone_pickaxe":1,"minecraft:chest":2,"minecraft:gray_bed":1,"minecraft:wheat":396,"minecraft:emerald":53,"minecraft:crafting_table":3,"minecraft:wooden_pickaxe":1,"minecraft:acacia_trapdoor":4,"minecraft:smithing_table":1,"minecraft:fletching_table":1,"minecraft:acacia_button":1,"minecraft:bucket":1,"minecraft:stone_axe":1,"minecraft:bread":152,"minecraft:air":0,"minecraft:shield":3,"minecraft:stick":1868,"minecraft:iron_pickaxe":2,"minecraft:white_bed":7,"minecraft:acacia_planks":688,"minecraft:torch":96,"minecraft:shears":1},"minecraft:killed":{"minecraft:cave_spider":1,"minecraft:husk":2,"minecraft:iron_golem":6,"minecraft:trader_llama":2,"minecraft:zombie":1},"minecraft:picked_up":{"minecraft:crafting_table":8,"minecraft:wheat":49,"minecraft:sandstone_slab":39,"minecraft:flower_pot":1,"minecraft:wooden_pickaxe":1,"minecraft:acacia_button":1,"minecraft:brewing_stand":1,"minecraft:shield":1,"minecraft:string":1,"minecraft:oak_trapdoor":8,"minecraft:acacia_door":3,"minecraft:iron_axe":1,"minecraft:iron_leggings":1,"minecraft:iron_shovel":2,"minecraft:red_sand":1,"minecraft:cartography_table":3,"minecraft:bucket":1,"minecraft:oak_boat":9,"minecraft:cobblestone_slab":1,"minecraft:minecart":4,"minecraft:poppy":10,"minecraft:iron_pickaxe":1,"minecraft:lectern":5,"minecraft:melon_slice":27,"minecraft:furnace":6,"minecraft:iron_boots":1,"minecraft:egg":1,"minecraft:stick":18,"minecraft:raw_iron":17,"minecraft:composter":3,"minecraft:torch":17,"minecraft:acacia_log":154,"minecraft:green_bed":2,"minecraft:diorite":3,"minecraft:arrow":3,"minecraft:cactus":10,"minecraft:rotten_flesh":6,"minecraft:golden_hoe":1,"minecraft:hay_block":44,"minecraft:cobblestone":112,"minecraft:rail":5,"minecraft:white_wool":22,"minecraft:lime_bed":10,"minecraft:water_bucket":1,"minecraft:andesite":2,"minecraft:cut_sandstone":50,"minecraft:leather":4,"minecraft:acacia_wood":18,"minecraft:flint":2,"minecraft:oak_log":93,"minecraft:dirt":338,"minecraft:smooth_sandstone":24,"minecraft:glass":218,"minecraft:wheat_seeds":128,"minecraft:acacia_trapdoor":1,"minecraft:grindstone":1,"minecraft:iron_ingot":50,"minecraft:acacia_sapling":3,"minecraft:oak_planks":29,"minecraft:gravel":26,"minecraft:sand":1089,"minecraft:white_bed":10,"minecraft:cyan_bed":2,"minecraft:diamond_shovel":1,"minecraft:grass":1,"minecraft:bone_meal":7,"minecraft:gray_wool":6,"minecraft:bread":6,"minecraft:melon_seeds":2,"minecraft:coal":182},"minecraft:mined":{"minecraft:white_bed":10,"minecraft:brewing_stand":1,"minecraft:red_sand":1,"minecraft:acacia_log":154,"minecraft:grass_block":216,"minecraft:composter":1,"minecraft:cartography_table":2,"minecraft:hay_block":44,"minecraft:oak_trapdoor":8,"minecraft:furnace":6,"minecraft:acacia_trapdoor":1,"minecraft:iron_ore":17,"minecraft:acacia_wood":18,"minecraft:andesite":2,"minecraft:cobblestone_slab":1,"minecraft:rail":3,"minecraft:stone":111,"minecraft:white_wool":3,"minecraft:green_bed":2,"minecraft:sandstone_slab":38,"minecraft:cut_sandstone":54,"minecraft:glass_pane":1,"minecraft:smooth_sandstone":24,"minecraft:crafting_table":8,"minecraft:torch":1,"minecraft:poppy":1,"minecraft:melon":5,"minecraft:dead_bush":7,"minecraft:glass":9,"minecraft:tall_grass":5,"minecraft:cobblestone":2,"minecraft:cyan_bed":2,"minecraft:grindstone":1,"minecraft:oak_planks":16,"minecraft:diorite":3,"minecraft:wall_torch":2,"minecraft:gray_wool":3,"minecraft:lime_bed":10,"minecraft:cactus":1,"minecraft:wheat":38,"minecraft:grass":197,"minecraft:oak_log":8,"minecraft:coal_ore":53,"minecraft:gravel":28,"minecraft:sand":919,"minecraft:dirt":124,"minecraft:oak_leaves":8},"minecraft:dropped":{"minecraft:water_bucket":1,"minecraft:iron_ingot":21,"minecraft:bread":12,"minecraft:wheat_seeds":27,"minecraft:sandstone_slab":17,"minecraft:cobblestone":4,"minecraft:leather":4,"minecraft:acacia_trapdoor":2,"minecraft:stick":4,"minecraft:dirt":328,"minecraft:bone_meal":1,"minecraft:sand":4,"minecraft:cactus":3,"minecraft:acacia_door":2,"minecraft:string":1,"minecraft:smooth_sandstone":1,"minecraft:acacia_planks":32,"minecraft:wheat":2,"minecraft:rotten_flesh":6,"minecraft:iron_boots":2,"minecraft:diamond_shovel":1,"minecraft:acacia_button":2,"minecraft:poppy":3,"minecraft:cobblestone_slab":162,"minecraft:shield":2,"minecraft:melon_seeds":2,"minecraft:acacia_sapling":1,"minecraft:wooden_pickaxe":2,"minecraft:glass":596,"minecraft:cartography_table":1},"minecraft:custom":{"minecraft:mob_kills":12,"minecraft:interact_with_crafting_table":34,"minecraft:leave_game":6,"minecraft:time_since_death":322178,"minecraft:sprint_one_cm":875068,"minecraft:walk_one_cm":632382,"minecraft:drop":80,"minecraft:talked_to_villager":32,"minecraft:play_time":322178,"minecraft:sneak_time":6074,"minecraft:walk_under_water_one_cm":30596,"minecraft:boat_one_cm":28525,"minecraft:jump":9325,"minecraft:walk_on_water_one_cm":22544,"minecraft:total_world_time":322178,"minecraft:interact_with_furnace":94,"minecraft:traded_with_villager":53,"minecraft:sleep_in_bed":20,"minecraft:time_since_rest":12289,"minecraft:damage_taken":1919,"minecraft:damage_dealt":7236,"minecraft:swim_one_cm":65389,"minecraft:fly_one_cm":2321877,"minecraft:open_chest":104,"minecraft:crouch_one_cm":22231,"minecraft:interact_with_smoker":2,"minecraft:fall_one_cm":242642}},"DataVersion":2975}