{"stats":{"minecraft:custom":{"minecraft:time_since_rest":5857,"minecraft:open_chest":4,"minecraft:crouch_one_cm":506,"minecraft:play_time":5857,"minecraft:sprint_one_cm":22633,"minecraft:walk_one_cm":9213,"minecraft:sneak_time":208,"minecraft:walk_under_water_one_cm":956,"minecraft:jump":209,"minecraft:time_since_death":5857,"minecraft:walk_on_water_one_cm":373,"minecraft:total_world_time":5857,"minecraft:swim_one_cm":4013,"minecraft:interact_with_crafting_table":1,"minecraft:fall_one_cm":7224,"minecraft:fly_one_cm":63261},"minecraft:used":{"minecraft:crafting_table":1,"minecraft:bread":1},"minecraft:picked_up":{"minecraft:wheat_seeds":1,"minecraft:acacia_log":5,"minecraft:hay_block":16,"minecraft:dirt":8},"minecraft:crafted":{"minecraft:acacia_planks":20,"minecraft:crafting_table":1,"minecraft:stick":4,"minecraft:wooden_pickaxe":1},"minecraft:mined":{"minecraft:grass":1,"minecraft:hay_block":16,"minecraft:acacia_log":5,"minecraft:grass_block":3,"minecraft:dirt":5,"minecraft:tall_grass":2}},"DataVersion":2975}