{"stats":{"minecraft:custom":{"minecraft:jump":45,"minecraft:time_since_rest":12439,"minecraft:leave_game":1,"minecraft:play_time":12439,"minecraft:sprint_one_cm":2729,"minecraft:time_since_death":12439,"minecraft:walk_one_cm":9637,"minecraft:sneak_time":13,"minecraft:total_world_time":12439,"minecraft:fly_one_cm":3038},"minecraft:picked_up":{"minecraft:hay_block":22,"minecraft:sand":3,"minecraft:dirt":1},"minecraft:mined":{"minecraft:hay_block":23,"minecraft:sand":3,"minecraft:dirt":1}},"DataVersion":2975}