{"stats":{"minecraft:mined":{"minecraft:dark_oak_planks":3,"minecraft:spruce_planks":1,"minecraft:white_bed":2,"minecraft:dark_oak_log":2,"minecraft:grass_block":2,"minecraft:jungle_planks":6,"minecraft:sandstone":9,"minecraft:hay_block":116,"minecraft:furnace":1,"minecraft:iron_ore":13,"minecraft:dark_oak_stairs":1,"minecraft:cobblestone_slab":1,"minecraft:rail":26,"minecraft:stone":117,"minecraft:sandstone_slab":2,"minecraft:cut_sandstone":65,"minecraft:smooth_sandstone":12,"minecraft:crafting_table":11,"minecraft:torch":2,"minecraft:jungle_stairs":1,"minecraft:dead_bush":3,"minecraft:glass":3,"minecraft:tall_grass":5,"minecraft:cobblestone":15,"minecraft:cyan_bed":12,"minecraft:grindstone":1,"minecraft:sugar_cane":43,"minecraft:oak_planks":4,"minecraft:wall_torch":1,"minecraft:lime_bed":8,"minecraft:birch_log":6,"minecraft:wheat":33,"minecraft:grass":59,"minecraft:oak_log":349,"minecraft:coal_ore":215,"minecraft:gravel":103,"minecraft:sand":374,"minecraft:dirt":4,"minecraft:cobweb":224,"minecraft:oak_leaves":72},"minecraft:killed":{"minecraft:cave_spider":3,"minecraft:skeleton":2,"minecraft:chicken":4,"minecraft:husk":2,"minecraft:pig":3,"minecraft:iron_golem":1,"minecraft:sheep":4,"minecraft:trader_llama":2,"minecraft:zombie":6,"minecraft:cow":21},"minecraft:dropped":{"minecraft:stone_hoe":1,"minecraft:iron_ingot":5,"minecraft:bread":59,"minecraft:dark_oak_stairs":1,"minecraft:oak_log":233,"minecraft:sandstone_slab":23,"minecraft:cobblestone":16,"minecraft:leather_helmet":1,"minecraft:dirt":8,"minecraft:dark_oak_log":2,"minecraft:mutton":1,"minecraft:sand":38,"minecraft:iron_axe":1,"minecraft:dark_oak_planks":3,"minecraft:gravel":7,"minecraft:furnace":1,"minecraft:stone_sword":1,"minecraft:birch_sapling":3,"minecraft:composter":6,"minecraft:rotten_flesh":7,"minecraft:oak_planks":19,"minecraft:leather_chestplate":1,"minecraft:flower_pot":1,"minecraft:spruce_planks":1,"minecraft:jungle_stairs":2,"minecraft:oak_boat":1,"minecraft:leather_leggings":1,"minecraft:sandstone":14,"minecraft:arrow":2,"minecraft:glass":64,"minecraft:lectern":5},"minecraft:picked_up":{"minecraft:charcoal":10,"minecraft:crafting_table":11,"minecraft:wheat":90,"minecraft:sandstone_slab":25,"minecraft:chicken":4,"minecraft:flower_pot":2,"minecraft:leather_leggings":3,"minecraft:lead":2,"minecraft:shield":4,"minecraft:string":115,"minecraft:iron_axe":4,"minecraft:bucket":1,"minecraft:spruce_planks":1,"minecraft:beef":43,"minecraft:oak_boat":24,"minecraft:cobblestone_slab":3,"minecraft:iron_pickaxe":4,"minecraft:minecart":6,"minecraft:sugar_cane":72,"minecraft:birch_sapling":3,"minecraft:furnace":1,"minecraft:iron_boots":1,"minecraft:egg":4,"minecraft:stick":68,"minecraft:raw_iron":22,"minecraft:sandstone":39,"minecraft:torch":82,"minecraft:porkchop":4,"minecraft:dark_oak_planks":3,"minecraft:stone_sword":4,"minecraft:arrow":4,"minecraft:stone_shovel":1,"minecraft:rotten_flesh":22,"minecraft:jungle_stairs":2,"minecraft:shears":3,"minecraft:hay_block":115,"minecraft:mutton":4,"minecraft:rail":42,"minecraft:white_wool":4,"minecraft:cobblestone":309,"minecraft:birch_log":6,"minecraft:lime_bed":8,"minecraft:feather":2,"minecraft:water_bucket":3,"minecraft:cut_sandstone":64,"minecraft:leather":18,"minecraft:flint":18,"minecraft:oak_log":430,"minecraft:dirt":9,"minecraft:smooth_sandstone":12,"minecraft:bone":1,"minecraft:apple":14,"minecraft:wheat_seeds":95,"minecraft:iron_ingot":12,"minecraft:grindstone":1,"minecraft:cobweb":112,"minecraft:stone_hoe":1,"minecraft:oak_planks":73,"minecraft:dark_oak_stairs":1,"minecraft:gravel":92,"minecraft:sand":458,"minecraft:jungle_planks":6,"minecraft:white_bed":2,"minecraft:cyan_bed":14,"minecraft:dark_oak_log":2,"minecraft:bread":116,"minecraft:oak_sapling":105,"minecraft:coal":377},"minecraft:used":{"minecraft:stone_sword":119,"minecraft:stone_shovel":393,"minecraft:chest":3,"minecraft:shield":28,"minecraft:stone_hoe":53,"minecraft:torch":28,"minecraft:dirt":1,"minecraft:iron_axe":348,"minecraft:smooth_sandstone":9,"minecraft:furnace":2,"minecraft:minecart":6,"minecraft:cooked_beef":7,"minecraft:wheat_seeds":6,"minecraft:water_bucket":24,"minecraft:powered_rail":1,"minecraft:stone_pickaxe":262,"minecraft:wooden_pickaxe":59,"minecraft:sandstone":1,"minecraft:cut_sandstone":30,"minecraft:cobblestone_slab":1,"minecraft:sugar_cane":30,"minecraft:rail":23,"minecraft:sand":144,"minecraft:lime_bed":8,"minecraft:crafting_table":13,"minecraft:white_bed":6,"minecraft:shears":112,"minecraft:lever":1,"minecraft:flower_pot":1,"minecraft:apple":5,"minecraft:iron_pickaxe":152,"minecraft:bread":44,"minecraft:cyan_bed":13,"minecraft:gravel":78,"minecraft:stone_axe":116,"minecraft:cobblestone":24,"minecraft:bucket":24,"minecraft:sandstone_slab":15,"minecraft:oak_boat":25,"minecraft:cobweb":112},"minecraft:killed_by":{"minecraft:player":2,"minecraft:iron_golem":2},"minecraft:broken":{"minecraft:stone_sword":1,"minecraft:wooden_pickaxe":1,"minecraft:stone_pickaxe":2,"minecraft:iron_axe":1,"minecraft:stone_axe":1,"minecraft:stone_shovel":3},"minecraft:crafted":{"minecraft:oak_planks":222,"minecraft:stone_shovel":3,"minecraft:oak_sign":9,"minecraft:cut_sandstone":12,"minecraft:furnace":2,"minecraft:lever":1,"minecraft:bookshelf":5,"minecraft:cooked_mutton":3,"minecraft:glass":108,"minecraft:iron_axe":2,"minecraft:stone_pickaxe":2,"minecraft:chest":3,"minecraft:stone_hoe":1,"minecraft:wheat":198,"minecraft:cooked_beef":9,"minecraft:oak_slab":66,"minecraft:crafting_table":2,"minecraft:wooden_pickaxe":1,"minecraft:iron_helmet":1,"minecraft:sandstone_slab":18,"minecraft:fletching_table":9,"minecraft:stone_axe":1,"minecraft:bread":73,"minecraft:oak_boat":7,"minecraft:lectern":5,"minecraft:iron_chestplate":1,"minecraft:white_wool":28,"minecraft:book":15,"minecraft:paper":39,"minecraft:charcoal":14,"minecraft:stick":20,"minecraft:iron_ingot":31,"minecraft:iron_pickaxe":1,"minecraft:stone_sword":2,"minecraft:iron_leggings":1,"minecraft:sandstone":30,"minecraft:white_bed":9,"minecraft:composter":6,"minecraft:torch":40,"minecraft:shears":1},"minecraft:custom":{"minecraft:mob_kills":49,"minecraft:animals_bred":2,"minecraft:interact_with_crafting_table":74,"minecraft:leave_game":6,"minecraft:time_since_death":144518,"minecraft:sprint_one_cm":450747,"minecraft:walk_one_cm":1020662,"minecraft:damage_blocked_by_shield":1015,"minecraft:drop":119,"minecraft:talked_to_villager":10,"minecraft:play_time":386836,"minecraft:sneak_time":15094,"minecraft:deaths":4,"minecraft:walk_under_water_one_cm":36737,"minecraft:boat_one_cm":189183,"minecraft:jump":3757,"minecraft:walk_on_water_one_cm":31129,"minecraft:total_world_time":386836,"minecraft:interact_with_furnace":35,"minecraft:sleep_in_bed":29,"minecraft:time_since_rest":12456,"minecraft:damage_taken":3344,"minecraft:damage_dealt":6491,"minecraft:swim_one_cm":66316,"minecraft:player_kills":1,"minecraft:fly_one_cm":559385,"minecraft:open_chest":53,"minecraft:crouch_one_cm":54332,"minecraft:fall_one_cm":81427}},"DataVersion":2975}