{"stats":{"minecraft:broken":{"minecraft:stone_pickaxe":2,"minecraft:stone_sword":1,"minecraft:stone_axe":1,"minecraft:wooden_pickaxe":1},"minecraft:killed":{"minecraft:cave_spider":3,"minecraft:skeleton":1,"minecraft:zombie":4},"minecraft:custom":{"minecraft:interact_with_furnace":13,"minecraft:mob_kills":8,"minecraft:animals_bred":1,"minecraft:interact_with_crafting_table":32,"minecraft:leave_game":5,"minecraft:time_since_death":66450,"minecraft:sleep_in_bed":14,"minecraft:time_since_rest":28130,"minecraft:sprint_one_cm":239576,"minecraft:damage_taken":1794,"minecraft:walk_one_cm":514636,"minecraft:damage_blocked_by_shield":935,"minecraft:drop":15,"minecraft:damage_dealt":1572,"minecraft:player_kills":1,"minecraft:swim_one_cm":27111,"minecraft:talked_to_villager":8,"minecraft:fly_one_cm":333285,"minecraft:open_chest":15,"minecraft:play_time":224357,"minecraft:crouch_one_cm":38492,"minecraft:sneak_time":10712,"minecraft:deaths":2,"minecraft:walk_under_water_one_cm":22618,"minecraft:boat_one_cm":44747,"minecraft:jump":2186,"minecraft:walk_on_water_one_cm":11525,"minecraft:total_world_time":224357,"minecraft:fall_one_cm":44276},"minecraft:killed_by":{"minecraft:player":2},"minecraft:used":{"minecraft:wheat_seeds":6,"minecraft:water_bucket":1,"minecraft:stone_sword":112,"minecraft:powered_rail":1,"minecraft:stone_shovel":93,"minecraft:stone_pickaxe":262,"minecraft:chest":1,"minecraft:wooden_pickaxe":59,"minecraft:shield":26,"minecraft:sandstone":1,"minecraft:cobblestone_slab":1,"minecraft:stone_hoe":35,"minecraft:torch":28,"minecraft:sand":22,"minecraft:dirt":1,"minecraft:rail":18,"minecraft:lime_bed":8,"minecraft:crafting_table":9,"minecraft:white_bed":1,"minecraft:shears":112,"minecraft:lever":1,"minecraft:apple":1,"minecraft:iron_pickaxe":66,"minecraft:iron_axe":78,"minecraft:bread":33,"minecraft:cyan_bed":4,"minecraft:smooth_sandstone":8,"minecraft:stone_axe":116,"minecraft:cobblestone":24,"minecraft:minecart":6,"minecraft:bucket":2,"minecraft:sandstone_slab":15,"minecraft:oak_boat":18,"minecraft:cobweb":112},"minecraft:dropped":{"minecraft:bread":42,"minecraft:dark_oak_stairs":1,"minecraft:oak_log":169,"minecraft:stone_sword":1,"minecraft:cobblestone":16,"minecraft:dark_oak_log":2,"minecraft:jungle_stairs":2,"minecraft:glass":64,"minecraft:dark_oak_planks":3},"minecraft:picked_up":{"minecraft:lime_bed":8,"minecraft:crafting_table":7,"minecraft:wheat":42,"minecraft:sandstone_slab":1,"minecraft:water_bucket":2,"minecraft:leather_leggings":2,"minecraft:oak_log":253,"minecraft:shield":3,"minecraft:dirt":1,"minecraft:string":115,"minecraft:iron_axe":2,"minecraft:smooth_sandstone":8,"minecraft:apple":10,"minecraft:wheat_seeds":6,"minecraft:bucket":1,"minecraft:grindstone":1,"minecraft:oak_boat":17,"minecraft:cobweb":112,"minecraft:cobblestone_slab":3,"minecraft:iron_pickaxe":2,"minecraft:minecart":6,"minecraft:oak_planks":49,"minecraft:dark_oak_stairs":1,"minecraft:stick":54,"minecraft:raw_iron":19,"minecraft:sandstone":25,"minecraft:torch":51,"minecraft:sand":175,"minecraft:jungle_planks":6,"minecraft:white_bed":1,"minecraft:cyan_bed":5,"minecraft:dark_oak_log":2,"minecraft:dark_oak_planks":3,"minecraft:stone_sword":3,"minecraft:arrow":2,"minecraft:rotten_flesh":15,"minecraft:jungle_stairs":2,"minecraft:shears":2,"minecraft:hay_block":22,"minecraft:bread":105,"minecraft:oak_sapling":81,"minecraft:coal":323,"minecraft:rail":28,"minecraft:cobblestone":233},"minecraft:crafted":{"minecraft:oak_planks":96,"minecraft:stone_shovel":1,"minecraft:crafting_table":2,"minecraft:wooden_pickaxe":1,"minecraft:sandstone_slab":18,"minecraft:lever":1,"minecraft:stone_axe":1,"minecraft:bread":66,"minecraft:oak_boat":6,"minecraft:glass":64,"minecraft:white_wool":28,"minecraft:iron_axe":1,"minecraft:stick":12,"minecraft:iron_ingot":10,"minecraft:stone_pickaxe":2,"minecraft:iron_pickaxe":1,"minecraft:stone_sword":2,"minecraft:chest":1,"minecraft:sandstone":15,"minecraft:white_bed":8,"minecraft:torch":40,"minecraft:stone_hoe":1,"minecraft:shears":1,"minecraft:wheat":198},"minecraft:mined":{"minecraft:dark_oak_planks":3,"minecraft:sandstone_slab":1,"minecraft:white_bed":1,"minecraft:dark_oak_log":2,"minecraft:smooth_sandstone":8,"minecraft:crafting_table":7,"minecraft:torch":2,"minecraft:jungle_stairs":1,"minecraft:jungle_planks":6,"minecraft:glass":1,"minecraft:cobblestone":15,"minecraft:cyan_bed":3,"minecraft:grindstone":1,"minecraft:oak_planks":3,"minecraft:sandstone":9,"minecraft:wall_torch":1,"minecraft:hay_block":23,"minecraft:lime_bed":8,"minecraft:iron_ore":13,"minecraft:dark_oak_stairs":1,"minecraft:grass":40,"minecraft:oak_log":192,"minecraft:coal_ore":215,"minecraft:cobblestone_slab":1,"minecraft:rail":22,"minecraft:sand":129,"minecraft:dirt":1,"minecraft:cobweb":224,"minecraft:stone":105,"minecraft:oak_leaves":48}},"DataVersion":2975}